dataset,model,seed,accuracy,macro_f1,weighted_f1,training_seconds,epochs,process_peak_rss_mb,gpu_peak_allocated_mb
20ng,textgcn,42,0.8609930961232076,0.8561526280905861,0.8603950412337797,3341.490757099644,93,2365.11328125,
20ng,textgcn,43,0.862453531598513,0.8579811331517865,0.8620933920830475,3799.755045400292,105,2373.03125,
20ng,textgcn,44,0.8620552310143388,0.8575311102828358,0.8614486115375493,3486.378599700227,93,2373.03515625,
20ng,textgcn,45,0.8644450345193839,0.859617563722684,0.8637503084176624,3562.8422649998683,98,2442.62890625,
20ng,textgcn,46,0.8623207647371216,0.8576189246066717,0.8619835985891869,3855.4352931995527,99,2355.03515625,
20ng,textgcn,47,0.8599309612320765,0.8554159643483299,0.859393506540958,5606.18274940009,97,2280.53515625,
20ng,textgcn,48,0.8619224641529474,0.856403727971198,0.8608757937645248,3439.0935150999144,95,2422.05078125,
20ng,textgcn,49,0.8636484333510356,0.8587006525934001,0.8628154880587419,5515.780926699998,91,2422.1796875,
20ng,textgcn,50,0.8623207647371216,0.8575216559288068,0.8616673201701731,5786.777223099976,95,2435.69140625,
20ng,textgcn,51,0.862453531598513,0.8577646757964633,0.8619067623279885,7115.00512659995,91,2100.7578125,
20ng,tfidf_lr,42,0.8285979819437068,0.8198646938011402,0.8264394478142217,10.358879400009755,,773.1640625,
20ng,tfidf_lr,43,0.8285979819437068,0.8198646938011402,0.8264394478142217,10.115418300032616,,769.15234375,
20ng,tfidf_lr,44,0.8285979819437068,0.8198646938011402,0.8264394478142217,11.061515600013081,,768.453125,
mr,textgcn,42,0.7673044456949916,0.7672007718475558,0.7672007718475559,47.82334799988894,19,655.91796875,
mr,textgcn,43,0.7664603263927968,0.7663644373252972,0.7663644373252972,47.150254300038796,19,630.16015625,
mr,textgcn,44,0.7664603263927968,0.7663797582239342,0.7663797582239343,176.7198372000712,19,630.1953125,
mr,textgcn,45,0.7664603263927968,0.7664591430570162,0.7664591430570163,47.944124699919485,19,636.79296875,
mr,textgcn,46,0.7667416994935284,0.7666321557400415,0.7666321557400415,47.950626700010616,19,610.38671875,
mr,textgcn,47,0.7639279684862127,0.763392953142488,0.7633929531424879,45.10460369993234,18,607.90234375,
mr,textgcn,48,0.7673044456949916,0.767231303022021,0.7672313030220211,47.980800399906,19,607.984375,
mr,textgcn,49,0.765053460889139,0.7647717102389252,0.7647717102389251,48.51641909981845,19,608.08203125,
mr,textgcn,50,0.768992684299381,0.7689702780535168,0.7689702780535168,48.0463563001249,19,608.0546875,
mr,textgcn,51,0.7644907146876758,0.7640419037493067,0.7640419037493067,48.44057589978911,19,607.9140625,
mr,tfidf_lr,42,0.7414181204276871,0.7413984452042782,0.7413984452042781,0.17144769994774833,,638.97265625,
mr,tfidf_lr,43,0.7414181204276871,0.7413984452042782,0.7413984452042781,0.15632409998215735,,637.30078125,
mr,tfidf_lr,44,0.7414181204276871,0.7413984452042782,0.7413984452042781,0.1549084999714978,,637.7109375,
ohsumed,textgcn,42,0.6730150878060845,0.6015547555588847,0.6676076499180958,872.9178787001292,87,1000.09765625,
ohsumed,textgcn,43,0.6673262428889438,0.5877842141141872,0.6632420759344319,811.0906031997292,81,1000.32421875,
ohsumed,textgcn,44,0.6769725451397477,0.6018083763494604,0.6727648783496788,817.5010781003512,82,997.625,
ohsumed,textgcn,45,0.680187979223349,0.6056788650172731,0.6742772531907656,838.3284470997751,83,998.75,
ohsumed,textgcn,46,0.6764778629730398,0.6062501624660199,0.6717104100815537,875.6684051997145,87,979.984375,
ohsumed,textgcn,47,0.6683156072223596,0.5934708310171394,0.6660029776071649,821.8031276999391,81,980.0390625,
ohsumed,textgcn,48,0.6648528320554044,0.5764240402580445,0.6581650668122292,787.0480884003919,78,980.09765625,
ohsumed,textgcn,49,0.6799406381399951,0.6027506452029886,0.6686529069928285,825.8965618996299,82,980.09765625,
ohsumed,textgcn,50,0.65767994063814,0.5708962050921899,0.65514038423803,757.7538163997815,75,980.1015625,
ohsumed,textgcn,51,0.675488498639624,0.5864644269122192,0.6649867177179742,799.7479396995041,79,980.1484375,
ohsumed,tfidf_lr,42,0.5441503833786792,0.31507594973136344,0.5049870809471112,2.730671999976039,,599.7421875,
ohsumed,tfidf_lr,43,0.5441503833786792,0.31507594973136344,0.5049870809471112,2.7776362999575213,,600.12890625,
ohsumed,tfidf_lr,44,0.5441503833786792,0.31507594973136344,0.5049870809471112,2.718449399981182,,601.8125,
R52,textgcn,42,0.9376947040498442,0.6752419763242827,0.9329876555713766,891.8328781998716,148,708.734375,
R52,textgcn,43,0.9306853582554517,0.6128335536343049,0.9234124001239734,764.1791214004043,129,730.484375,
R52,textgcn,44,0.9349688473520249,0.6470025750411209,0.9297470756164035,857.7573001001729,144,730.66015625,
R52,textgcn,45,0.9392523364485982,0.6730431886315933,0.93363367094152,1163.1574933006195,161,756.39453125,
R52,textgcn,46,0.9338006230529595,0.6603505543975067,0.9278838101201196,920.8390814001905,155,756.39453125,
R52,textgcn,47,0.9373052959501558,0.6470763320422499,0.9310461746003391,861.5373530001962,146,756.39453125,
R52,textgcn,48,0.934190031152648,0.6389462647927282,0.9282905863175298,850.1132886005216,143,732.08984375,
R52,textgcn,49,0.9349688473520249,0.6504733556881503,0.9288425627427053,957.6415834997897,161,756.39453125,
R52,textgcn,50,0.9306853582554517,0.630149852689504,0.924931421639999,766.9270962997689,129,732.08984375,
R52,textgcn,51,0.9353582554517134,0.658017541887168,0.9295017346161434,995.4406102999346,168,738.66796875,
R52,tfidf_lr,42,0.8742211838006231,0.3897400792063862,0.8490892459012437,4.374395299993921,,265.5234375,
R52,tfidf_lr,43,0.8742211838006231,0.3897400792063862,0.8490892459012437,4.355983799963724,,264.96484375,
R52,tfidf_lr,44,0.8742211838006231,0.3897400792063862,0.8490892459012437,5.561838799971156,,265.44140625,
R8,textgcn,42,0.9698492462311558,0.9243852838432423,0.9696084444184535,431.281811399851,103,618.90234375,
R8,textgcn,43,0.9725902238465053,0.9291661574283216,0.9723571869097256,472.66510239994386,112,623.171875,
R8,textgcn,44,0.9689355870260393,0.9283232140943367,0.9686431314775409,1082.5980091997772,102,624.34765625,
R8,textgcn,45,0.9671082686158063,0.9231323534814553,0.9667387540964173,474.31622759992024,93,618.5390625,
R8,textgcn,46,0.9707629054362723,0.9304778248881533,0.9704650887243069,453.2207780999597,112,620.01953125,
R8,textgcn,47,0.9693924166285975,0.9256314270733976,0.969106596543865,436.1981508999597,107,620.1171875,
R8,textgcn,48,0.9707629054362723,0.9222490250958585,0.9703838468992675,382.792610699893,92,620.19921875,
R8,textgcn,49,0.970306075833714,0.9323208006592716,0.9699620848653665,465.9014807001222,114,620.2109375,
R8,textgcn,50,0.9693924166285975,0.9295703120136748,0.9691381106522078,407.06020410032943,101,620.40234375,
R8,textgcn,51,0.9744175422567383,0.9369099993202976,0.9742943870716012,22708.410875199712,95,620.4296875,
R8,tfidf_lr,42,0.9465509365006852,0.8208366566593176,0.9431329085734333,0.7286790000507608,,146.16015625,
R8,tfidf_lr,43,0.9465509365006852,0.8208366566593176,0.9431329085734333,0.721132300037425,,142.90625,
R8,tfidf_lr,44,0.9465509365006852,0.8208366566593176,0.9431329085734333,0.717466100002639,,144.5703125,
