dataset,model,runs,seeds,accuracy_mean_pct,accuracy_sample_std_pp,paper_accuracy_pct,difference_from_paper_pp,macro_f1_mean,weighted_f1_mean,mean_training_seconds,max_process_rss_mb
R8,tfidf_lr,3,42;43;44,94.65509365,0,93.74,0.91509365,0.820836657,0.943132909,0.7224258,146.1601563
R8,textgcn,10,42;43;44;45;46;47;48;49;50;51,97.03517588,0.201385357,97.07,-0.034824121,0.92821664,0.970069763,2731.444525,624.3476563
R52,tfidf_lr,3,42;43;44,87.42211838,0,86.95,0.47211838,0.389740079,0.849089246,4.764072633,265.5234375
R52,textgcn,10,42;43;44;45;46;47;48;49;50;51,93.48909657,0.278879522,93.56,-0.070903427,0.64931352,0.929027709,902.9425806,756.3945313
ohsumed,tfidf_lr,3,42;43;44,54.41503834,0,54.66,-0.244961662,0.31507595,0.504987081,2.742252567,601.8125
ohsumed,textgcn,10,42;43;44;45;46;47;48;49;50;51,67.20257235,0.730017104,68.36,-1.157427653,0.593308252,0.666255032,820.7755946,1000.324219
mr,tfidf_lr,3,42;43;44,74.14181204,0,74.59,-0.448187957,0.741398445,0.741398445,0.160893433,638.9726563
mr,textgcn,10,42;43;44;45;46;47;48;49;50;51,76.63196398,0.149036284,76.74,-0.108036016,0.766144441,0.766144441,60.56769463,655.9179688
20ng,tfidf_lr,3,42;43;44,82.85979819,0,83.19,-0.330201806,0.819864694,0.826439448,10.51193777,773.1640625
20ng,textgcn,10,42;43;44;45;46;47;48;49;50;51,86.22543813,0.124585663,86.34,-0.114561869,0.857470804,0.861632982,4550.87415,2442.628906
